,precision,recall,f1-score,support
pharyngitis,0.6111111111111112,0.5,0.55,22.0
no_pharyngitis,0.7027027027027027,0.7878787878787878,0.7428571428571429,33.0
accuracy,0.6727272727272727,0.6727272727272727,0.6727272727272727,0.6727272727272727
macro avg,0.6569069069069069,0.6439393939393939,0.6464285714285715,55.0
weighted avg,0.6660660660660661,0.6727272727272727,0.6657142857142857,55.0
